,accuracy,precision,recall,f1
LogisticRegression,0.7012987012987013,0.5869565217391305,0.5,0.54
RandomForest,0.7402597402597403,0.6521739130434783,0.5555555555555556,0.6
